id,name
1,3D-Brillen
2,3D-Drucker
3,3D-Drucker-Stifte
4,Abbruchhammer
5,Abdeckblenden
6,Abdeckungsheber
7,Abfallzerkleinerer
8,Abheftstreifen
9,Abisoliermaschinen
10,Ablageanbauten
11,Ablaichkästen
12,Abläufe
13,Absauganlagen
14,Abschlaghilfen
15,Abschlusskappen
16,Absperrungen
17,Absperrventile
18,Abspielgeräte
19,Abstandshalter
20,Abstellstützen
21,Abstreifgitter
22,Abziehmatten
23,Abziehwerkzeuge
24,Achsen
25,Adapter
26,Additive
27,Adventskalender
28,Akkumulatoren
29,Akkusauger
30,Aktenvernichter
31,Aktenvernichter-Auffangbeutel
32,Alkoholtestgeräte
33,Allesschneider
34,Anbau-Bodenfräsen
35,Anbau-Kehrgutsammler
36,Anbau-Räumschilde
37,Anbaugeräte
38,Anfahrhilfen
39,Angelgaffs
40,Angelgewichte
41,Angelhaken
42,Angelposen
43,Angelrollen
44,Angelruten
45,Anhängevorrichtungen
46,Anrufbeantworter
47,Ansatztischplatten
48,Anschlagpuffer
49,Anschlagwinkel
50,Anspitzer
51,Antennen
52,Anti-Rutsch-Pads
53,Anti-Schnarch-Geräte
54,Anzeigeinstrumente
55,Anzeigetafeln
56,Anziehhilfen
57,Anzüge
58,Anzündkamine
59,Aquarienheizer
60,Arbeitsmöbel-Sets
61,Arbeitsschutzbrillen
62,Arbeitsspeicher
63,Armaturen
64,Armaturkartuschen
65,Armbanduhren
66,Armbinden
67,Armbänder
68,Armlehnen
69,Atemmasken
70,Audio-Video-Switches
71,Aufbewahrungsboxen
72,Aufblasartikel
73,Auffangbehälter
74,Auffangschalen
75,Aufguss-Kellen
76,Aufguss-Konzentrate
77,Aufguss-Sets
78,Aufgusstöpfe
79,Aufkleber
80,Auflaufformen
81,Aufnahmegeräte
82,Aufnahmetische
83,Aufnäher
84,Aufsammelhilfen
85,Aufstecksucher
86,Augen-Kosmetika
87,Augenbinden
88,Augenmuscheln
89,Augenpflegemittel
90,Ausgießaufsätze
91,Ausrichtwerkzeuge
92,Ausstechformen
93,Automatik-Weinbelüfter
94,Automatten
95,Autorennbahn-Erweiterungen
96,Autorennbahn-Fahrzeuge
97,Autorennbahnen
98,Autositzschutz
99,Autosonnenschutzblenden
100,Außenbordmotoren
101,BH-Bügel
102,BH-Einlagen
103,BH-Sets
104,BH-Träger
105,BH-Trägerclips
106,BH-Trägerkissen
107,BH-Verlängerungen
108,BHs
109,Baby-Badesitze
110,Babybetten
111,Babykostwärmer
112,Babyphones
113,Babytragen
114,Babywippen
115,Bachläufe
116,Backbleche
117,Backunterlagen
118,Backöfen
119,Badaccessoires-Sets
120,Badeanzüge
121,Badebottiche
122,Badehosen
123,Badekappen
124,Badematten
125,Badewannen
126,Badewannenbretter
127,Badewannensitze
128,Bagger
129,Balancetrainer
130,Balkonkastenhalter
131,Ballmaschinen
132,Ballrückgabesysteme
133,Ballschalen
134,Ballschleuder
135,Ballsportkörbe
136,Ballwände
137,Bandagen
138,Bandmassagegeräte
139,Banknotenzähler
140,Barista-Sets
141,Bartpflegemittel
142,Bartstylingmittel
143,Baseballschläger
144,Bastelbänder
145,Basteldekorationen
146,Bastelgrundmaterialien
147,Batteriegriffe
148,Batterien
149,Batteriewächter
150,Bauchbänder
151,Bauchketten
152,Bauchtrainer
153,Baufolien
154,Bauketten
155,Baumpflegemittel
156,Bauplatten
157,Baustangen
158,Bausteine
159,Beamer
160,Beckenbodentrainer
161,Beeteinfassungen
162,Befestigungen
163,Befestigungsadapter
164,Behandlungsliegen
165,Beintrainer
166,Beitel
167,Beißringe
168,Bekleidungssets
169,Belagstrukturgeräte
170,Belichtungsmesser
171,Belüftungsausströmer
172,Belüftungspumpen
173,Beregnungsanlagen
174,Besaitungsmaschinen
175,Beschläge
176,Beschriftungsbänder
177,Beschriftungsgeräte
178,Beschwerungsgewichte
179,Bespannungshärtemessgeräte
180,Bestattungsbehälter
181,Besteckkörbe
182,Betonglätter
183,Betonmischer
184,Betonverdichter
185,Bettbezüge
186,Bettdecken
187,Betten
188,Betthimmel
189,Bettlaken
190,Bettnestchen
191,Bettumrandungen
192,Bettwaren-Sets
193,Bettwarenzubehör
194,Bettwäsche
195,Betätigungsplatten
196,Bewässerungs-Sets
197,Bewässerungscomputer
198,Bewässerungskugeln
199,Bidet-Einsätze
200,Bidets
201,Biegewellen
202,Bienenkästen
203,Bikini-Oberteile
204,Bikini-Sets
205,Bilder
206,Bilderrahmen
207,Bindegeräte
208,Bindemappen
209,Bissanzeiger
210,Bithalter
211,Bits
212,Blasinstrumente
213,Blattabschneider
214,Blattschrauben
215,Blazer
216,Blitzgeräte
217,Bluetooth-Dongles
218,Blusen
219,Blutdruckmanschetten
220,Blutdruckmessgeräte
221,Blutzuckermessgeräte
222,Bodenanker
223,Bodenmarkierungen
224,Bodenschutzplatten
225,Bodenstaubsauger
226,Bodensubstrate
227,Bodys
228,Bogenetuis
229,Bohrer
230,Bohrfutter
231,Bohrmaschinen
232,Bojen
233,Bollerwagen
234,Bordwandaufsätze
235,Bottleneck
236,Bowdenzug-Feineinstellhilfen
237,Bowdenzugendhülsen
238,Bowdenzughüllen
239,Bowdenzugseelen
240,Bowdenzüge
241,Bowle-Sets
242,Boxhandschuhe
243,Boxsäcke
244,Brandschutzeinheiten
245,Brausegarnituren
246,Brecheisen
247,Bremsbeläge
248,Bremsgriffe
249,Bremsscheiben
250,Brennstoffe
251,Briefablagen
252,Briefkästen
253,Briefumschläge
254,Brieföffner
255,Brillenetuis
256,Brillenfassungen
257,Broschen
258,Brotbackautomaten
259,Brustwarzenabdeckungen
260,Buchstützen
261,Buggyboards
262,Bunddehner
263,Bälle
264,Bällebäder
265,Böcke
266,Bücher
267,Bügelbrettbezüge
268,Bügelbretter
269,Bügeleisen
270,Bügelhilfemittel
271,Bügelmaschinen
272,Bügelsohlen
273,Bügelsysteme
274,Bügeltücher
275,Büroklammern
276,CI-Module
277,Camcorder
278,Campingtoiletten
279,Caps
280,Carports
281,Charms
282,Chipkartenleser
283,Chlordosierer
284,Cocktail-Sets
285,Colorationen
286,Computer Komplettsysteme
287,Computer-Kühler
288,Computer-Mäuse
289,Computergehäuse
290,Crepesmaker
291,Crosstrainer
292,DJ-Controller
293,Dachdurchführungen
294,Dachfensteröffner
295,Dachpappen
296,Dampf-Tapetenablöser
297,Dampfbügelstationen
298,Dampfgarer
299,Dartautomaten
300,Daybetten
301,Deckel
302,Defibrillatoren
303,Dekobecher
304,Dekofiguren
305,Dekogeweihe
306,Dekohänger
307,Dekokamine
308,Dekokränze
309,Dekorationsfolien
310,Dekorierstifte
311,Dekoschalen
312,Dekosterne
313,Deodorante
314,Dermaroller
315,Desktop-PCs
316,Diabetrachter
317,Diaprojektoren
318,Diarahmen
319,Dichtlippen
320,Dichtmassen
321,Dichtungsbänder
322,Dichtungsringe
323,Dichtungsschellen
324,Digital-Bilderrahmen
325,Disketten
326,Displayfolien
327,Dockingstationen
328,Dokumentenmappen
329,Dosenöffner
330,Dosierspender
331,Drahtseilklemmen
332,Drechselbänke
333,Drehmaschinen
334,Drehstähle
335,Dreiräder
336,Drohnen
337,Drohnen-Rettungssysteme
338,Druckbehälter
339,Drucker
340,Druckerbänder
341,Druckertinte
342,Druckluftschläuche
343,Drucksprühgeräte
344,Druckspüler
345,Drähte
346,Duftlampen
347,Dunstabzugshauben
348,Durchlauferhitzer
349,Duschhocker
350,Duschkabinen
351,Duschkopfhalterungen
352,Duschköpfe
353,Duschstühle
354,Duschtüren
355,Duschvorhänge
356,Duschwannen
357,Duschwände
358,Dämmmaterialien
359,Dämpfer
360,Dörrautomaten
361,Dübel
362,Düngemittel
363,Düsen
364,E-Bike Umbausätze
365,Echolote
366,Edelsteine
367,Eierbecher
368,Eierkocher
369,Eimer
370,Einachser
371,Einbaurahmen
372,Eindeckrahmen
373,Einfädelhilfen
374,Eingabegeräte-Sets
375,Eingabestifte
376,Einkaufskörbe
377,Einkochautomaten
378,Einlegeböden
379,Einlegesohlen
380,Eisenbahn-Schienensets
381,Eisfreihalter
382,Eiskübel
383,Eismaschinen
384,Eispickel
385,Eiswürfelbereiter
386,Elastikbodenbeläge
387,Elektro-Kinderfahrzeuge
388,Elektro-Muskel-Stimulationsgeräte
389,Elektroauto-Ladestationen
390,Elektroden
391,Elektrofahrräder
392,Elektrofußwärmer
393,Elektrohaarbürsten
394,Elektrohautpflegebürsten
395,Elektrohornhautentferner
396,Elektrokaminöfen
397,Elektrokardiogramm-Geräte
398,Elektromobile
399,Elektromotorroller
400,Elektropfannen
401,Elektrorasierer
402,Elektroreinigungsbürsten
403,Elektrowerkzeug-Funktionsaufsätze
404,Elektrowerkzeug-Ständer
405,Elektrozahnbürsten
406,Entkerner
407,Entsafter
408,Epilierer
409,Equalizer
410,Erdbohrer
411,Ersatzbrenner
412,Erste-Hilfe-Sets
413,Essbesteck-Sets
414,Essgabeln
415,Esslöffel
416,Essmesser
417,Essstäbchen
418,Etagenbetten
419,Etiketten
420,Experimentierkästen
421,Fahnen
422,Fahrradanhänger
423,Fahrradbremsen
424,Fahrradcomputer
425,Fahrradgabeln
426,Fahrradhalterungen
427,Fahrradketten
428,Fahrradklingeln
429,Fahrradkurbeln
430,Fahrradlampen
431,Fahrradlenker
432,Fahrradnaben
433,Fahrradparksysteme
434,Fahrradpedale
435,Fahrradrahmen
436,Fahrradreifen
437,Fahrradschaltungen
438,Fahrradschaltzüge
439,Fahrradschläuche
440,Fahrradsättel
441,Fahrradträger
442,Fahrräder
443,Fahrzeug-Schubstangen
444,Fahrzeug-Spielwelten
445,Fahrzeugheber
446,Fahrzeugspiegel
447,Fahrzeugstoßstangen
448,Faltbetten
449,Faltenbälge
450,Falttür-Lamellen
451,Falzmaschinen
452,Fanghandschuhe
453,Farben
454,Farbmittel
455,Farbroller
456,Farbsprühgeräte
457,Faszien-Boards
458,Feilen
459,Felgenbäume
460,Fellkämme
461,Fellpflegemittel
462,Fenster
463,Fensterbilder
464,Fensterbänke
465,Fensterfolien
466,Fenstergriffe
467,Fensterläden
468,Fensterreiniger
469,Fensterstopper
470,Fernbedienungen
471,Ferngläser
472,Fernlenkfahrzeuge
473,Fernseher
474,Festplatten
475,Festplatten-Einbaurahmen
476,Feuchtigkeitsmessgeräte
477,Feuerkörbe
478,Feuerlöscher
479,Feuerraumauskleidungen
480,Feuerroste
481,Feuerzeuge
482,Fidget-Gadgets
483,Filamente
484,Filme
485,Filmklappen
486,Filteranlagen
487,Filterkartuschen
488,Filterkartuschen-Reinigungsgeräte
489,Filterköpfe
490,Filtermaterialien
491,Fingerringe
492,Finnen
493,Finnen-Adapter
494,Fischtöter
495,Fitnessgeräte-Computer
496,Fitnessringe
497,Fitnessrollen
498,Fitnessstäbe
499,Fitnesstracker
500,Flachverbinder
501,Flambierbrenner
502,Flaschenhalter
503,Flaschensauger
504,Flaschenträger
505,Flaschenverschlüsse
506,Flaschenöffner
507,Fleischgabeln
508,Fleischklopfer
509,Fliegen
510,Fliesen
511,Fliesenaufkleber
512,Fliesenschneider
513,Flipchartblöcke
514,Flossen
515,Flug-Drachen
516,Flüssigkeitsbehälter
517,Folien
518,Folienbeutel
519,Fondues
520,Forken
521,Formtrennmittel
522,Formularblöcke
523,Foto-Filme
524,Fotoalben
525,Fotohintergründe
526,Fotokameras
527,Frisierköpfe
528,Fritteusen
529,Frostschutzmittel
530,Fräsköpfe
531,Fräsmaschinen
532,Frühstücks-Sets
533,Fugenkratzer
534,Fugenmörtel
535,Fummelspielzeuge
536,Funkgeräte
537,Funksteuerungsmodule
538,Funktionskissen
539,Funkübertragungsgeräte
540,Fusselrasierer
541,Futter-Wurfhilfen
542,Futterautomaten
543,Futterbälle
544,Futterkörbe
545,Fußbäder
546,Fußketten
547,Fußschlaufen
548,Fußstützen
549,Fußsäcke
550,Fußtrainer
551,Fußtritte
552,Fächer
553,GPS-Geräte
554,Gabelbaumköpfe
555,Garagen
556,Garderobenhalter
557,Garderobenpaneele
558,Garderobenständer
559,Gardinen
560,Gardinenbefestigungen
561,Gardinenstangen
562,Gardinenstangenendstücke
563,Gardinenstangenhalterungen
564,Garne
565,Garten-Multifunktionsgeräte
566,Gartenbrausen
567,Gartenfiguren
568,Gartengeräte-Deflektoren
569,Gartenhaus-Anbaudächer
570,Gartenhaus-Fundamente
571,Gartenhaus-Fußböden
572,Gartenhaus-Seitenwände
573,Gartenhaus-Terrassen
574,Gartenhäuser
575,Gartenliegen
576,Gartenpflege-Sets
577,Gartenscheren-Maschinen
578,Gartenstecker
579,Gartenstege
580,Gasdruckregler
581,Gase
582,Gaskartuschen
583,Gaskocher
584,Gebäckpressen
585,Gefahrenmelder
586,Gefrierschränke
587,Gefriertruhen
588,Gegensprechanlagen
589,Gegenstromanlagen
590,Gehstöcke
591,Gehörschutzstöpsel
592,Geldscheinklammern
593,Geldscheinprüfgeräte
594,Gelenkköpfe
595,Geländer
596,Gepäckträger
597,Geruchsverbesserer
598,Gerätehalterungen
599,Gerätehäuser
600,Geräteprotektoren
601,Gerüste
602,Gerüststege
603,Geschenkpapier
604,Geschirr-Sets
605,Geschirrspüler
606,Geschirrspülmaschineneinsätze
607,Geschirrständer
608,Geschirrtücher
609,Geschirrwärmer
610,Gesichtssolarien
611,Gewichte
612,Gewindeschneider
613,Gewindestangen
614,Gewächshäuser
615,Gewürzstreuer
616,Gießkannen
617,Gimbals
618,Gipsabdruck-Set
619,Glasfasermatten
620,Gleitgele
621,Globen
622,Glätteisen
623,Golf-Sets
624,Golfschläger
625,Grafikkarten
626,Grasimplantate
627,Graukarten
628,Greifspielzeug
629,Griffe
630,Griffschalen
631,Grillbesteck-Sets
632,Grillroste
633,Grills
634,Gripmittel
635,Grundierungen
636,Gummibänder
637,Gummibärchenmaschinen
638,Gurtpolster
639,Gurtverlängerungen
640,Gurtwickler
641,Gutscheine
642,Gürtel
643,Gürtelhalter
644,Haarbürsten
645,Haarentfernungsmittel
646,Haarfixierungen
647,Haarkämme
648,Haarpflegemittel
649,Haarschmuck
650,Haarschneider
651,Haarstylingmittel
652,Haartrockner
653,Hacken
654,Haken
655,Hakenleisten
656,Halsketten
657,Haltegriffe
658,Halteklammern
659,Handarbeitsnadeln
660,Handballenauflagen
661,Handhobel
662,Handläufe
663,Handmuffe
664,Handmuskeltrainer
665,Handschlaufen
666,Handschuhe
667,Handstreuer
668,Handsägen
669,Handtuchhalter
670,Handtücher
671,Handwalzen
672,Hanteln
673,Hantelscheiben
674,Hantelstangen
675,Hantelstangenverschlüsse
676,Hantelstationen
677,Hardware-Anschlussbuchsen
678,Hartbodenbeläge
679,Haushaltsgeräteadapter
680,Haushaltsgeräteschläuche
681,Hausmäntel
682,Hausmüllpressen
683,Haustiertränken
684,Hautpflegebürsten
685,Hautpflegebürstenaufsätze
686,Hautpflegemittel
687,Hautreinigungsmittel
688,Hebewerkzeuge
689,Hefter
690,Heftklammern
691,Heimkinosysteme
692,Heimtrainer
693,Heizdecken
694,Heizkissen
695,Heizkörper
696,Heizkörperthermostate
697,Heizmatten
698,Heizstrahler
699,Heizstäbe
700,Heizungsspeicher
701,Heizwickler
702,Heißklebepistolen
703,Heißluftgeräte
704,Helme
705,Hemden
706,Herdabdeckplatten
707,Herdsets
708,Herrendiener
709,Himmelbettgarnituren
710,Hindernismarker
711,Hintergrundsysteme
712,Hobelmaschinen
713,Hochbetten
714,Hochdruckreiniger
715,Hochdruckreiniger-Düsen
716,Hochstuhlaufsätze
717,Hochteiche
718,Hocker
719,Hockeyschläger
720,Hohlnadeladapter
721,Hollywoodschaukeln
722,Holzdübel
723,Holzspaltmaschinen
724,Homewear-Sets
725,Hornhautentferneraufsätze
726,Hornhautfeilen
727,Hosen
728,Hosenhalter
729,Hosenketten
730,Hosenträger
731,Hot-Dog-Maker
732,Hubwagen
733,Hufstäbchen
734,Humidore
735,Hussen
736,Hutablagen
737,Hydraulikleitungen
738,Hygieneartikel
739,Häcksler
740,Hämmer
741,Händetrockner
742,Hängematten
743,Hängemattengestelle
744,Hängeregistraturkörbe
745,Hörgeräte
746,Hörspiele
747,Hüllen
748,Hüpfburgen
749,Hüpfspielzeug
750,Hürden
751,Hüte
752,IPL-Haarentferner
753,IPL-Lampeneinsätze
754,Induktionsheizgeräte
755,Inhalationsaufsätze
756,Inhalationsgeräte
757,Inhalatoren
758,Injektionsnadeln
759,Inlineskates/Rollschuhe
760,Insektenhotels
761,Insektenschutzgitter
762,Isomatten
763,Jacken
764,Jalousien
765,Jeans
766,Joghurtbereiter
767,KFZ-Anhänger
768,KFZ-Diagnosegeräte
769,KFZ-Waagen
770,KOB Set-Artikel
771,Kabel
772,Kabelbinder
773,Kabelführungen
774,Kabelverbinder
775,Kaffeefilter
776,Kaffeemaschinen
777,Kaffeemühlen
778,Kaffeevollautomaten
779,Kalender
780,Kamera-GPS-Empfänger
781,Kamerahalterungs-Sets
782,Kaminholzlager
783,Kaminofen-Erweiterungssegmente
784,Kaminofen-Steuergeräte
785,Kaminöfen
786,Kampfsportgeräte
787,Kannen
788,Kantenanleimgeräte
789,Kantenschleifer
790,Kapselgehörschutz
791,Kapselhalter
792,Karabiner
793,Karaffen
794,Kartenhalter
795,Kartonagen
796,Kartuschenpistolen
797,Kassensysteme
798,Kastenmöbel-Sets
799,Kaufladensortimente
800,Kaufläden
801,Kauschen
802,Kauspielzeuge
803,Keder
804,Kehrgeräte
805,Keile
806,Keilrahmen
807,Kerzen
808,Kerzenhalter
809,Kescher
810,Kettennieter
811,Kettensägen
812,Kettensägen-Ersatzschwerter
813,Kettenumwerfer
814,Kickertische
815,Kinder-Einkaufswagen
816,Kinder-Sicherheitsgurte
817,Kinder-Sitzauflagen
818,Kindercomputer
819,Kindersicherungen
820,Kindersitz-Befestigungen
821,Kindersitz-Bezüge
822,Kindersitze
823,Kinderwagen
824,Kinderwagen-Adapter
825,Kinderwagen-Aufsätze
826,Kinderwagen-Handwärmer
827,Kissen
828,Kissenbezüge
829,Kissenfüllungen
830,Kite-Blasen
831,Kite-Releasesysteme
832,Kitebars
833,Klebebänder
834,Klebstoffe
835,Kleider
836,Kleiderbügel
837,Kleiderstangen
838,Kleidersäcke
839,Kleinboote
840,Kleinlederwaren
841,Kleintierklettergerüste
842,Kleistergeräte
843,Klettergerüste
844,Klicker
845,Klimageräte
846,Klimageräte-Nachfüllpacks
847,Klimmzugstangen
848,Kneten
849,Knicklichter
850,Kniebänke
851,Kniekissen
852,Knöpfe
853,Kochbesteck-Sets
854,Kochfelder
855,Kochlöffel
856,Kochmesser
857,Kochmesser-Sets
858,Kochplatten
859,Koffer
860,Koffer-Sets
861,Kofferwaagen
862,Kompasse
863,Komplettbetten
864,Komplettküchen-Sets
865,Komposter
866,Kompressoren
867,Kondensatsammler
868,Kondome
869,Kontaktgrill/Standgrill/Tischgrill/Teppanyakigrill
870,Kontaktlinsen
871,Kontaktlinsenbehälter
872,Koordinationsleitern
873,Kopfhörer
874,Kopfkissen
875,Kopfstützen
876,Korkenzieher
877,Korrektionsbrillen
878,Korsagen
879,Kosmetik-Mischpaletten
880,Kosmetikaufbewahrungen
881,Kosmetikpinsel
882,Kosmetikschwämme
883,Kostüme
884,Kraftstationen
885,Kragen
886,Kratzbretter
887,Kratzbäume
888,Krawatten
889,Krawattenhalter
890,Krawattennadeln
891,Kreativsets
892,Kreativvorlagen
893,Kreisel
894,Kugelbahnen
895,Kunstfingernägel
896,Kunstharze
897,Kunstköder
898,Kunstpflanzen
899,Kunstriffe
900,Kunstwimpern
901,Kurzzeitmesser
902,Kältesprays
903,Köcher
904,Körperfarben
905,Körpertattoos
906,Küchenformen
907,Küchenhelfer-Sets
908,Küchenkarussells
909,Küchenmaschinen
910,Küchenmaschinen-Aufsätze
911,Küchenmaschinen-Einsätze
912,Küchenmaschinen-Rührelemente
913,Küchenmühlen
914,Küchenpaletten
915,Küchenpressen
916,Küchenreiben
917,Küchenrollenhalter
918,Küchenroste
919,Küchenschneider
920,Küchensiebe
921,Küchenspülen
922,Küchenwaagen
923,Küchenzangen
924,Kühlakkus
925,Kühlboxen
926,Kühlgefrier-Sets
927,Kühlschrankeinsätze
928,Kühlschränke
929,Künstlerleinwände
930,LNBs
931,Ladegeräte
932,Laderaumschutzgitter
933,Laminatschneider
934,Laminierfolien
935,Laminiergeräte
936,Lampenfassungen
937,Lampenfilter
938,Lampenschirme
939,Lanzetten
940,Laptopschlösser
941,Lasermessgeräte
942,Laserpointer
943,Lasttraversen
944,Lattenroste
945,Laubsauger
946,Laufbänder
947,Lauflernhilfen
948,Laufräder
949,Laufställe
950,Laufwerke
951,Launch-Monitore
952,Lautsprecher
953,Lebendköder
954,Lebensmittel
955,Lebensmittelaufbewahrungsbehälter
956,Lebensmittelpinsel
957,Leinen
958,Leitern
959,Leitungssuchgeräte
960,Lenkergriffe
961,Lenkervorbauten
962,Lenkradbezüge
963,Lernspielzeug
964,Lesezeichen
965,Leuchten
966,Leuchtmittel
967,Lichtanlagen
968,Lichterketten
969,Lichtformer
970,Lichttherapiegeräte
971,Liegestützgriffe
972,Lineale
973,Linsenreiniger
974,Lippen-Kosmetika
975,Lochsägen
976,Lochwände
977,Lockenstäbe
978,Lockenwickler
979,Lockinstrumente
980,Luftbefeuchter
981,Luftbetten
982,Luftdruckmessgeräte
983,Luftentfeuchter
984,Luftmatratzen
985,Luftreiniger
986,Lupen
987,Lätzchen
988,Läutewerke
989,Löschdecken
990,Lötgeräte
991,Lüftungsklappen
992,MP3-Player
993,Magazinaufsätze
994,Magnete
995,Mainboards
996,Malbecher
997,Malpaletten
998,Malvorlagen
999,Manschettenknöpfe
1000,Markierwagen
1001,Markisen
1002,Markisenschutzdächer
1003,Maschinen-Führungen
1004,Maschinenöle
1005,Massagegeräte
1006,Masten
1007,Matratzen
1008,Matratzen-Lattenrost-Sets
1009,Matratzenzubehör
1010,Mauerkästen
1011,Maulkörbe
1012,Maurerkellen
1013,Mauspads
1014,Maßbänder
1015,Mehrzwecksauger
1016,Meißel
1017,Menage-Sets
1018,Messbecher
1019,Messerblöcke
1020,Messerklingen
1021,Messerschärfer
1022,Messlatten
1023,Messlehren
1024,Metallbleche
1025,Metalldetektoren
1026,Metronome
1027,Mikrodermabrasionsgeräte
1028,Mikrofone
1029,Mikroskope
1030,Mikrowellen
1031,Milchaufschäumer
1032,Milchbehälter
1033,Milchpump-Sets
1034,Milchpumpen
1035,Minibacköfen
1036,Mischpulte
1037,Mitesserentferner
1038,Mixer
1039,Mobilleuchten
1040,Mobiltelefone
1041,Mobilés
1042,Modellbausätze
1043,Modelleisenbahn-Erweiterungen
1044,Modelleisenbahn-Fahrzeuge
1045,Modelleisenbahnen
1046,Modellfahrzeuge
1047,Modellierwerkzeuge
1048,Modems
1049,Moderationskoffer
1050,Modetücher
1051,Monitore
1052,Montage-Spezialwerkzeuge
1053,Montageanker
1054,Montageständer
1055,Motivstanzer
1056,Motorhacken
1057,Motorhalterungen
1058,Motorikspielzeug
1059,Motorroller
1060,Motorschubkarren
1061,Motorsensen
1062,Mulch-Kits
1063,Mulche
1064,Multifunktionswerkzeug-Maschinen
1065,Multifunktionswerkzeuge
1066,Multihaarstyler
1067,Multimediamontagematerialien
1068,Mundduschen
1069,Mundharmonikahalter
1070,Mundharmonikastimmplattensätze
1071,Mundpflegecenter
1072,Mundstücke
1073,Mundwässer
1074,Musikinstrumentenpedale
1075,Musikinstrumentenständer
1076,Muttern
1077,Mähroboterstationen
1078,Mäntel
1079,Möbelaufsätze
1080,Möbelblenden
1081,Möbelfüße
1082,Möbelgestelle
1083,Möbelrollen
1084,Möbelwangen
1085,Mörser
1086,Mülleimer
1087,Mützen
1088,NAS-Server
1089,Nachtsichtgeräte
1090,Nachziehspielzeug
1091,Nageletuis
1092,Nagelfeilen
1093,Nagellacke
1094,Nagellackentferner
1095,Nagelpflegegeräte
1096,Nagelpflegemittel
1097,Nagelpistolen
1098,Nagelschneider
1099,Nahrungsergänzungsmittel
1100,Nasenreinigungsgeräte
1101,Naturköder
1102,Navigationsgeräte
1103,Netzteile
1104,Netzwerk-Panels
1105,Netzwerk-Switches
1106,Netzwerkschränke
1107,Nierengurte
1108,Nieten
1109,Notebooks
1110,Notenpulte
1111,Notentriegelungen
1112,Notizbücher
1113,Notizzettel
1114,Nudelmaschinen
1115,Nussknacker
1116,Nägel
1117,Nähmaschinen
1118,Nähmaschinenfüße
1119,Näpfe
1120,Nützlinge
1121,Oberflächenpflegemittel
1122,Objektivadapter
1123,Objektivdeckel
1124,Objektive
1125,Objektivfilter
1126,Objektivfilterhalter
1127,Objektivhalterungen
1128,Objektträger
1129,Obstpflücker
1130,Ohrenreiniger
1131,Ohrringe
1132,Ordner
1133,Osternester
1134,Outdoorduschen
1135,Outdoormesser
1136,Overalls
1137,PC-Geräuschdämmungen
1138,PC-Slotblenden
1139,PC-Steuerungsmodule
1140,Paddel
1141,Paneele
1142,Papierdekoration
1143,Papiere
1144,Papierschneidegeräte
1145,Papiertücher
1146,Paraffinbäder
1147,Parallelschaltboxen
1148,Parfüms
1149,Pavillondächer
1150,Pavillons
1151,Pavillonseitenteile
1152,Peitschen
1153,Pergolen
1154,Periskope
1155,Personenwaagen
1156,Perücken
1157,Pfannen
1158,Pfeile
1159,Pfeilfedern
1160,Pferdedecken
1161,Pferdegebisse
1162,Pferdesättel
1163,Pflanzen
1164,Pflanzgefäße
1165,Pflanzzwiebeln
1166,Pflaster
1167,Pfotenschutz
1168,Piercings
1169,Pinnnadeln
1170,Pinsel
1171,Pinzetten
1172,Pitchgabeln
1173,Pizzaöfen
1174,Planen
1175,Planschbecken
1176,Plattenspieler
1177,Platzsets
1178,Plektren
1179,Plissees
1180,Plyo-Boxen
1181,Plüschfiguren
1182,Poliermaschinen
1183,Polierpads
1184,Polklemmen
1185,Polsterauflagen
1186,Polsterelemente
1187,Polstermaterialien
1188,Poolbodensauger
1189,Popcornmaschinen
1190,Porenreinigungsgeräte
1191,Postkarten
1192,Poufs
1193,Prepaidkarten
1194,Profile
1195,Profilverbinder
1196,Projektionsleinwände
1197,Propeller
1198,Prospekthüllen
1199,Protektoren
1200,Prozessoren
1201,Präparate
1202,Präzisionswaagen
1203,Pullover
1204,Pumpen
1205,Puppen
1206,Puppenausstattungen
1207,Puppenhäuser
1208,Puppenkleidung
1209,Puppenmöbel
1210,Puppentheater
1211,Puppenwagen
1212,Putze
1213,Putztücher
1214,Puzzleorganizer
1215,Puzzles
1216,Pylonen
1217,Quads
1218,Queues
1219,RFID-Chips
1220,Racketsportschläger
1221,Raclettes
1222,Radiergummis
1223,Radios
1224,Radkappen
1225,Raffhalter
1226,Raffrollos
1227,Rampen
1228,Rankhilfen
1229,Rasenmäher
1230,Rasenmähroboter
1231,Rasentraktoren
1232,Rasierer
1233,Rasierklingen
1234,Rasierpinsel
1235,Rasierschalen
1236,Rasierschäume
1237,Rasiersets
1238,Rasseln
1239,Raumthermostate
1240,Receiver
1241,Rechen
1242,Rechenschieber
1243,Reduzierringe
1244,Reflektoren
1245,Regale
1246,Regenschirme
1247,Regenschirmständer
1248,Regenschutz
1249,Regentonnen
1250,Regentonnenfüllautomaten
1251,Reifendecken
1252,Reifenmontagemaschinen
1253,Reifenwuchtmaschinen
1254,Reinigungs-CDs
1255,Reinigungs-Sets
1256,Reinigungsbürsten
1257,Reinigungsmittel
1258,Reiskocher
1259,Reizangeln
1260,Reißverschlüsse
1261,Reißwerkzeuge
1262,Relais
1263,Reparatur-Sets
1264,Rettungsgürtel
1265,Reusen
1266,Rindenschäler
1267,Rinnen
1268,Roboter
1269,Rohlinge
1270,Rohrbieger
1271,Rohre
1272,Rohrreinigungsmaschinen
1273,Rohrreinigungswerkzeuge
1274,Rohrverbinder
1275,Rollatoren
1276,Rollbretter
1277,Rollenspielzeug
1278,Roller
1279,Rollladenmotoren
1280,Rollladenstopper
1281,Rollladenwellen
1282,Rollläden
1283,Rollos
1284,Rollsammler
1285,Rollstühle
1286,Rollwagen
1287,Router
1288,Rucksäcke
1289,Rudergeräte
1290,Rutschautos
1291,Rutschen
1292,Räder
1293,Räucherboxen
1294,Räucherdeko
1295,Räucheröfen
1296,Röcke
1297,Röstgeräte
1298,Rückencremer
1299,Rückenlehnen
1300,Rührer
1301,Rührwerke
1302,Rüttelplatten
1303,Sackkarren
1304,Sahnesyphons
1305,Saiten
1306,Saiteninstrumente
1307,Saiteninstrumentenmechaniken
1308,Saitenschoner
1309,Sakkos
1310,Salatschleudern
1311,Salzelektrolysegeräte
1312,Sammelkarten
1313,Sand-Spielzeug
1314,Sande
1315,Sandkästen
1316,Sandstrahlgeräte
1317,Sandwichmaker
1318,Satellitenschüsseln
1319,Satfinder
1320,Sattelbezüge
1321,Sattelstützen
1322,Sattelunterlagen
1323,Saugroboter
1324,Sauna-Steuergeräte
1325,Saunaöfen
1326,Saunen
1327,Schaber
1328,Schablonen
1329,Schallpegelmessgeräte
1330,Schalter
1331,Schalthebel
1332,Schaltwerke
1333,Schaltwerkhalterungen
1334,Schaufeln
1335,Schaukeln
1336,Schaukelsitze
1337,Schaukeltiere
1338,Scheibenbremssättel
1339,Scheibenfräser
1340,Scheren
1341,Scherköpfe
1342,Schichtdickenmessgeräte
1343,Schilder
1344,Schirmhalterungen
1345,Schlafanalysegeräte
1346,Schlafsackinletts
1347,Schlafsäcke
1348,Schlafzimmermöbel-Sets
1349,Schlaginstrumente
1350,Schlagklötzer
1351,Schlagpolster
1352,Schlagtrainingsgeräte
1353,Schlauchadapter
1354,Schlauchtrommeln
1355,Schlauchverbinder
1356,Schleifaufsätze
1357,Schleifmaschinen
1358,Schleifpapiere
1359,Schleppstangen
1360,Schleuderstäbe
1361,Schließbleche
1362,Schließzylinder
1363,Schlitten
1364,Schlägel
1365,Schlägerdämpfer
1366,Schläuche
1367,Schlüsselanhänger
1368,Schlüsselkästen
1369,Schmiermittel
1370,Schmink-Sets
1371,Schmuck-Sets
1372,Schmuck-Wechselteile
1373,Schmuckanhänger
1374,Schmuckständer
1375,Schmutzfänger
1376,Schnallen
1377,Schneebesen
1378,Schneefräsen
1379,Schneeketten
1380,Schneeschieber
1381,Schneidebretter
1382,Schneidemaschinen
1383,Schneiderpuppen
1384,Schneideunterlagen
1385,Schneidewerkzeuge
1386,Schneidhilfen
1387,Schnellkochtopfventile
1388,Schnorchel
1389,Schnuffeltücher
1390,Schnuller
1391,Schnullerbefestigungen
1392,Schnurstopper
1393,Schnurverbinder
1394,Schnürsenkel
1395,Schokobrunnen
1396,Schornsteine
1397,Schrankbetten
1398,Schrankinneneinteiler
1399,Schranktüren
1400,Schrauben
1401,Schraubendreher
1402,Schraubenschlüssel
1403,Schrauber
1404,Schraubstöcke
1405,Schreibblöcke
1406,Schreibgeräteetuis
1407,Schreibmaschinen
1408,Schreibunterlagen
1409,Schränke
1410,Schubkarren
1411,Schubkarrenwannen
1412,Schubladen
1413,Schubladenboxen
1414,Schubladeneinsätze
1415,Schuhe
1416,Schuhputzmaschinen
1417,Schuhschoner
1418,Schuhständer
1419,Schuhzubehör
1420,Schuhüberzieher
1421,Schulhefte
1422,Schulterpolster
1423,Schutzbleche
1424,Schutzboxen
1425,Schutzfolien
1426,Schutzgamaschen
1427,Schutzgitter
1428,Schutznetze
1429,Schutzpolsterungen
1430,Schutzvisiere
1431,Schwammhalter
1432,Schweißbänder
1433,Schweißgeräte
1434,Schwibbögen
1435,Schwimmbecken
1436,Schwimmhilfen
1437,Schwimmwesten
1438,Schwämme
1439,Schächte
1440,Schädlingsbekämpfungsmittel
1441,Schädlingsschutznetze
1442,Schäkel
1443,Schärfgeräte
1444,Schürfleisten
1445,Schürzen
1446,Schüsseln
1447,Segel
1448,Segelmastfüße
1449,Sehnen
1450,Seifenblasenspiele
1451,Seifenhalter
1452,Seile
1453,Seilführungen
1454,Seilspanner
1455,Sekretäre
1456,Selbstbräunungsmittel
1457,Selfie-Sticks
1458,Sensen
1459,Sensoren
1460,Servierglocken
1461,Servierplatten
1462,Servietten
1463,Serviettenhalter
1464,Serviettenringe
1465,Sessel
1466,Sesselschoner
1467,Setzstöcke
1468,Shaker
1469,Shirts
1470,Sicherheitsbügel
1471,Sicherheitsgruppen
1472,Sicherheitsschlösser
1473,Sicherungsgeräte
1474,Sicherungsgurte
1475,Sicherungshalter
1476,Sichtscheiben
1477,Sichtschutzbedienstäbe
1478,Sichtschutzbefestigungen
1479,Sichtschutzzüge
1480,Sideboards
1481,Signalpfeifen
1482,Siphons
1483,Sitzbänke
1484,Sitzmöbel-Sets
1485,Sitzschalen
1486,Sitzsäcke
1487,Skateboards
1488,Skier
1489,Slalomstangen
1490,Smart-Home-Stationen
1491,Smartwatches
1492,Snowboards
1493,Sockel
1494,Sockelleisten
1495,Socken
1496,Sofas
1497,Solarmodule
1498,Sonnenbrillen
1499,Sonnenkollektoren
1500,Sonnenschutzmittel
1501,Sonnensegel
1502,Sonnenuhren
1503,Soundkarten
1504,Sous-Vide-Garer
1505,Spachtel
1506,Spannbacken
1507,Spannfutter
1508,Spanngurte
1509,Spannungsprüfer
1510,Spannungsregler
1511,Spardosen
1512,Spaten
1513,Speichenschutznetze
1514,Speichererhitzer
1515,Speicherkarten
1516,Speicherladestationen
1517,Speiseringe
1518,Speiseteller
1519,Spiegel
1520,Spielautomaten
1521,Spielbausteine
1522,Spielbögen
1523,Spiele
1524,Spielecontroller
1525,Spielekonsolen
1526,Spielesoftware
1527,Spielfahrzeug-Anhänger
1528,Spielfahrzeug-Lenkräder
1529,Spielfeldbegrenzungen
1530,Spielfiguren
1531,Spielfigurenwelten
1532,Spielgeld
1533,Spielgeschirr
1534,Spielhäuser
1535,Spielkasse
1536,Spielküchen
1537,Spieltelefone
1538,Spieltische
1539,Spieltunnel
1540,Spielturm-Erweiterungen
1541,Spieltürme
1542,Spieluhren
1543,Spielwerkzeug
1544,Spielzelte
1545,Spielzeug-Gartensets
1546,Spielzeug-Haushaltsgeräte
1547,Spielzeug-Musikinstrumente
1548,Spielzeugeisenbahn-Erweiterungen
1549,Spielzeugfahrzeug-Erweiterungen
1550,Spielzeugfahrzeuge
1551,Spielzeugwaffen
1552,Spielzeugwaffenmunition
1553,Spieße
1554,Splinte
1555,Splitter
1556,Sporen
1557,Sport-Dehnungsgeräte
1558,Sport-Netze
1559,Sport-Tore
1560,Sportanzüge
1561,Sportbindungen
1562,Sportbrillen
1563,Sportbögen
1564,Sportdummys
1565,Sportmatten
1566,Sportstöcke
1567,Sprachcomputer
1568,Sprachrohre
1569,Sprengringe
1570,Springseile
1571,Spritzbeutel
1572,Spritzen
1573,Spritzschutzwände
1574,Spritztüllen
1575,Sprudelmatten
1576,Sprühpistolen
1577,Sprühwischer
1578,Spulen
1579,Spulenwickler
1580,Spülkästen
1581,Spülrohrverbinder
1582,Staffeleien
1583,Stahlfedern
1584,Stahlhalter
1585,Standfüße
1586,Standschirmbespannungen
1587,Standschirme
1588,Standuhren
1589,Stapelspielzeug
1590,Stationärtelefone
1591,Stative
1592,Stativköpfe
1593,Stativschellen
1594,Staubbeutel
1595,Staubsaugerdüsen
1596,Staubsaugerrohre
1597,Staubwischer
1598,Staueinsätze
1599,Stechhilfen
1600,Steckdosen
1601,Steckdosenblenden
1602,Steckdosenleisten
1603,Steckdosenschalter
1604,Steckenpferde
1605,Stecker
1606,Stecknüsse
1607,Steckspielzeug
1608,Stehsammler
1609,Stehtiere
1610,Steigbügel
1611,Steigeisen
1612,Steine
1613,Steintrenner
1614,Stellwände
1615,Stempel
1616,Stepper
1617,Sterilisatoren
1618,Sternfräsen
1619,Stickmaschinen
1620,Stiele
1621,Stifte
1622,Stiftminen
1623,Stimmgeräte
1624,Stoffe
1625,Stollen
1626,Strahlregler
1627,Strandkörbe
1628,Streaming-Boxen
1629,Streuwagen
1630,Strickjacken
1631,Strickmaschinen
1632,Stromerzeuger
1633,Stromschienensysteme
1634,Stromverbrauchsmessgeräte
1635,Strumpfhalter
1636,Strumpfhosen
1637,Stubenwagen
1638,Stulpen
1639,Stutzenhalter
1640,Stöpsel
1641,Stövchen
1642,Stößel
1643,Stühle
1644,Stützelemente
1645,Surfsport-Gabelbäume
1646,Sweatjacken
1647,Sweatshirts
1648,Sägeblätter
1649,Sägeketten
1650,Sägemaschinen
1651,Sämereien
1652,TV-Simulatoren
1653,Tablets/EBookReader
1654,Tabletts
1655,Tacker
1656,Tafeln
1657,Tagesdecken
1658,Tankdeckel
1659,Tanzstangen
1660,Tapeten
1661,Taschen
1662,Taschenanhänger
1663,Taschenrechner
1664,Taschenuhren
1665,Tastaturen
1666,Tasten
1667,Tasteninstrumente
1668,Tauchsets
1669,Tauchsieder
1670,Teeautomaten
1671,Teichdeko
1672,Teichschalen
1673,Teigportionierer
1674,Teigroller
1675,Teilapparate
1676,Teint-Kosmetika
1677,Teleskopauszüge
1678,Teleskope
1679,Temperaturmessgeräte
1680,Teppiche
1681,Teppichunterlagen
1682,Terrassendielen
1683,Terrassenüberdachungen
1684,Test-Kits
1685,Thermometerersatzkappen
1686,Thermopads
1687,Tiefenanschläge
1688,Tier-Autodecken
1689,Tier-Halsbänder
1690,Tierattrappen
1691,Tierbarrieren
1692,Tierbekleidung
1693,Tierbetten
1694,Tierfallen
1695,Tierfernhaltegeräte
1696,Tiergeschirre
1697,Tierhäuser
1698,Tierklappen
1699,Tierkäfige
1700,Tierlaufräder
1701,Tierlockstoffe
1702,Tiermatratzen
1703,Tiernahrung
1704,Tierspielzeuge
1705,Tierstreu
1706,Tiertoiletten
1707,Tiertransportbehälter
1708,Tiertunnel
1709,Tintenpatronen
1710,Tischbeine
1711,Tischdecken
1712,Tische
1713,Tischplatten
1714,Tischsitze
1715,Tischtennisplatten
1716,Tischtennisschläger
1717,Tischtuchklammern
1718,Tischuhren
1719,Toaster
1720,Toilettenaufsätze
1721,Toilettenpapierhalter
1722,Toilettenstühle
1723,Tonabnehmer
1724,Tonerpatronen
1725,Topfeinsätze
1726,Topflappen
1727,Topper
1728,Tops
1729,Tore
1730,Tortenmodellierer
1731,Tragebänder
1732,Trainingsbänder
1733,Trainingsbänke
1734,Trainingshilfen-Sets
1735,Trampoline
1736,Transferpressen
1737,Transportboxen
1738,Transportsäcke
1739,Transportwagen
1740,Trapezhaken
1741,Trennscheiben
1742,Treppen
1743,Treppenstufen
1744,Tresore
1745,Tretbretter
1746,Tretfahrzeuge
1747,Trichter
1748,Triggerstäbe
1749,Trikots
1750,Trinkblasen
1751,Trinkflaschen
1752,Trinkgefäße
1753,Trockner
1754,Truhen
1755,Tuner
1756,Tuniken
1757,Töpfchen
1758,Töpfe
1759,Tür-Seitenteile
1760,Türdämpfer
1761,Türen
1762,Türgriffe
1763,Türklingel-Sets
1764,Türschließer
1765,Türschlossantriebe
1766,Türschlösser
1767,Türspione
1768,Türstopper
1769,Türöffner
1770,USB-Sticks
1771,USV-Anlagen
1772,UV-Leuchtmittel
1773,UVC-Geräte
1774,Uhrenarmbänder
1775,Uhrenbeweger
1776,Ultraschallbäder
1777,Ultraschallnebler
1778,Umbauseiten
1779,Umlenkrollen
1780,Umluftmodule
1781,Umzugslaternen
1782,Unkrautbekämpfungsmittel
1783,Unkrautbrenner
1784,Unkrautstecher
1785,Unterbaubleche
1786,Untergestelle
1787,Unterhemden
1788,Unterhosen
1789,Unterlegscheiben
1790,Untersetzer
1791,Unterstände
1792,Unterwassergehäuse
1793,Urinale
1794,VR-Brillen
1795,Vakuumierer
1796,Vasen
1797,Ventilatoren
1798,Verdecke
1799,Verdünnungsmittel
1800,Verkleidungen
1801,Verkleidungsmasken
1802,Verpackungen
1803,Verriegelungen
1804,Versandtaschen
1805,Verschlussklammern
1806,Verstärker
1807,Verteiler
1808,Vertikutierer
1809,Vibrationsplatten
1810,Videokassetten
1811,Visitenkarten
1812,Vivarien
1813,Vivarien-Steuergeräte
1814,Vivarienrückwände
1815,Vliese
1816,Vordächer
1817,Vorhängeschlösser
1818,Vorsatztüren
1819,WC-Komplettsets
1820,WC-Sitze
1821,WCs
1822,WLAN-Dongles
1823,Wachs-Haarentfernungsgeräte
1824,Wachskämme
1825,Waffeleisen
1826,Walzenhülsen
1827,Wandabschlussleisten
1828,Wanddekoobjekte
1829,Wanddurchführungen
1830,Wandler
1831,Wandtattoos
1832,Wanduhren
1833,Wanneneinlagen
1834,Wannenschürzen
1835,Warnaufsteller
1836,Waschmaschinen
1837,Waschmaschinen-Trockner-Sets
1838,Waschtischaufsätze
1839,Waschtische
1840,Waschtrockner
1841,Wasserabzieher
1842,Wasserbahnen
1843,Wasserbereitergeräte
1844,Wasserbetten
1845,Wasserkocher
1846,Wassermengenzähler
1847,Wasserpflegemittel
1848,Wasserrutschen
1849,Wasserspeier
1850,Wasserspiele
1851,Wasserspielzeuge
1852,Wassersport-Trapeze
1853,Wassersportboards
1854,Wassersprudler
1855,Wassertestgeräte
1856,Wasserwaagen
1857,Wecker
1858,Weidezaungeräte
1859,Weihnachtsbaumkugeln
1860,Weihnachtsbaumschmuck
1861,Weihnachtsbaumständer
1862,Weihnachtsbäume
1863,Weihnachtsdörfer
1864,Weihnachtskrippen
1865,Weihnachtspyramiden
1866,Weinkühlschränke
1867,Werkbänke
1868,Werkstattkräne
1869,Werkstattpressen
1870,Werkstattwagen
1871,Werkzeughalterungen
1872,Werkzeugmaschinen-Sets
1873,Werkzeugsets
1874,Westen
1875,Wetterstationen
1876,Whirlpools
1877,Wickelauflagen
1878,Wickelauflagenbezüge
1879,Wickelaufsätze
1880,Wickelkommoden
1881,Wickeltische
1882,Wimpernzangen
1883,Windeln
1884,Winden
1885,Windgeneratoren
1886,Windschilde
1887,Windspiele
1888,Windsäcke
1889,Winkelmesser
1890,Wippen
1891,Wirbel
1892,Wischbezügehalterungen
1893,Wischblätter
1894,Wohndecken
1895,Wundertüten
1896,Wurfscheiben
1897,Wählmarken
1898,Wälzlager
1899,Wärmekissen
1900,Wärmelampen
1901,Wärmeleitpasten
1902,Wärmepumpen
1903,Wärmespeichersteine
1904,Wärmflaschen
1905,Wäschekugeln
1906,Wäschesammler
1907,Wäscheschleudern
1908,Wäscheständer
1909,Wäschesäckchen
1910,Yoga-Blöcke
1911,Zahnbleachingmittel
1912,Zahnbürsten
1913,Zahnbürstenköpfe
1914,Zahnkränze
1915,Zahnpastas
1916,Zahnputzbecher
1917,Zahnriemen
1918,Zahnseiden
1919,Zangen
1920,Zapfanlagen
1921,Zapfhähne
1922,Zauberkästen
1923,Zaunelemente
1924,Zaunpfosten
1925,Zehenkorrektoren
1926,Zehenringe
1927,Zeichenblöcke
1928,Zeitschaltuhren
1929,Zeitungsständer
1930,Zelte
1931,Zeltheringe
1932,Zeltstangen
1933,Zement
1934,Zentrifugen
1935,Zerkleinerer
1936,Zielscheiben
1937,Zirkel
1938,Zuckerstreuer
1939,Zuckerwattemaschinen
1940,Zugeisen
1941,Zweiraddoppelständer
1942,Zweiradseitenständer
1943,Zwiebelpflanzer
1944,Zwingen
1945,Zwischenbaurahmen
1946,Zyklusmessgeräte
1947,Zündkerzen
1948,Äxte
1949,Ösen
1950,Überwachungskameras
